ITEM NO,ITEM DESCRIPTION,LOCATION,UOM,STD STOCK,LAST MONTH STOCK,ACTUAL,UNIT PRICE,AMOUNT
R1-1,Soldering Tip T12-D24,Rack 1,Pc,2,,16,"Rp 162,880","Rp 2,606,080"
R1-2,Soldering Tip 900M-T-4C,Rack 1,Pc,3,,153,"Rp 54,555","Rp 8,346,915"
R1-3,Bit Shock 3B1310 NAC,Rack 1,Pc,1,,6,"Rp 93,500","Rp 561,000"
R1-4,Hand Reamer Ø 10H7HSS,Rack 1,Pc,1,,2,"Rp 625,000","Rp 1,250,000"
R1-5,Bit Shock 3B1020 NAC,Rack 1,Pc,1,,7,"Rp 132,000","Rp 924,000"
R1-6,Bit Shock 3B0815 NAC,Rack 1,Pc,1,,3,"Rp 85,000","Rp 255,000"
R1-7,Mata Bor 3.1 Nachi,Rack 1,Pc,10,,50,"Rp 13,550","Rp 677,500"
R1-8,Driver Bit + 2x200G,Rack 1,Pc,1,,4,"Rp 23,650","Rp 94,600"
R1-9,Driver Bit + 2x100H,Rack 1,Pack,2,,3,"Rp 140,000","Rp 420,000"
R1-10,Mata Bor 6.0 Nachi,Rack 1,Pc,1,,0,"Rp 20,425",Rp -
R1-11,Isolasi Listrik Nitto 0.15mm 3/4in,Rack 1,Pc,2,,2,"Rp 8,000","Rp 16,000"
R1-12,Suntikan 10 cc / ml,Rack 1,Pc,4,,26,"Rp 37,500","Rp 975,000"
R1-13,Soldering Tip T18-D32,Rack 1,Pc,4,,1,"Rp 86,400","Rp 86,400"
R1-14,Soldering Tip T18-D24,Rack 1,Pc,4,,40,"Rp 86,400","Rp 3,456,000"
R1-15,Hand Reamer Ø 8mm,Rack 1,Pc,1,,2,"Rp 625,000","Rp 1,250,000"
R1-16,Tap M5x0.8,Rack 1,Pc,2,,9,"Rp 108,000","Rp 972,000"
R1-17,Shiny Stamp N58,Rack 1,Pc,2,,2,"Rp 68,000","Rp 136,000"
R1-18,Seal Tape ONDA,Rack 1,Pc,2,,1,"Rp 5,000","Rp 5,000"
R1-19,Shiny Stamp N48,Rack 1,Pc,2,,9,"Rp 48,000","Rp 432,000"
R1-20,Cleaning Sponge H333SP,Rack 1,Pc,10,,209,"Rp 5,540","Rp 1,157,860"
R1-21,Clamp Selang,Rack 1,Pc,5,,37,"Rp 2,000","Rp 74,000"
R1-22,Spring Stapler Packing,Rack 1,Pc,2,,10,"Rp 90,000","Rp 900,000"
R1-23,Ball Bearing Proj.Welding,Rack 1,Pack,2,,41,"Rp 30,000","Rp 1,230,000"
R1-24,Pisau Packing Tape,Rack 1,Pc,1,,11,"Rp 600,000","Rp 6,600,000"
R1-25,Magnet Driver Bit,Rack 1,Pc,4,,1,"Rp 45,000","Rp 45,000"
R1-26,Jarum Pengupas Ø 2.5 mm,Rack 1,Pc,1,,,"Rp 42,000",Rp -
R1-27,Driver Bit - Mini,Rack 1,Pc,5,,23,"Rp 13,000","Rp 299,000"
R1-28,Tap M8x1.25,Rack 1,Pc,1,,7,"Rp 175,000","Rp 1,225,000"
R1-29,Tap M4x0.7,Rack 1,Pc,3,,19,"Rp 90,000","Rp 1,710,000"
R1-30,Tap M6x1,Rack 1,Pc,2,,5,"Rp 120,000","Rp 600,000"
R1-31,Jarum Pengupas Ø 3 mm,Rack 1,Pc,1,,,"Rp 45,000",Rp -
R1-32,Soldering Bit Apollo SG-40GAV28,Rack 1,Pc,10,,30,"Rp 840,000","Rp 25,200,000"
R1-33,Tinta shachihata,Rack 1,Pc,1,,2,"Rp 245,000","Rp 490,000"
R1-34,Heater sealer,Rack 1,Pc,4,,7,"Rp 17,500","Rp 122,500"
R1-35,Kontak tusuk,Rack 1,Pc,2,,0,"Rp 15,000",Rp -
R1-36,Rumah kontak 2 socket,Rack 1,Pc,1,,8,"Rp 15,000","Rp 120,000"
R1-37,Rumah kontak 4 socket,Rack 1,Pc,1,,15,"Rp 25,000","Rp 375,000"
R1-38,Spring Balancer TW-0,Rack 1,Pc,1,,0,"Rp 388,500",Rp -
R1-39,Solder pot 96-2,Rack 1,Pc,1,,1,"Rp 1,300,000","Rp 1,300,000"
R1-40,Tempat thinner ukuran kecil,Rack 1,Pc,1,,,"Rp 7,000",Rp -
R1-41,Tempat thinner ukuran besar,Rack 1,Pc,1,,,"Rp 15,000",Rp -
R1-42,Hoist switch HY-1026 SBBB,Rack 1,Pc,1,,1,"Rp 750,000","Rp 750,000"
R1-43,Hoist switch HY-1024 SBB,Rack 1,Pc,1,,,"Rp 575,000",Rp -
R1-44,Hoist switch HY-1022 SB,Rack 1,Pc,1,,1,"Rp 345,000","Rp 345,000"
R1-45,Thermal overload TH-N20KP,Rack 1,Pc,1,,1,"Rp 475,000","Rp 475,000"
R1-46,Thermal overload TR-ON/3,Rack 1,Pc,1,,1,"Rp 510,000","Rp 510,000"
R1-47,Magnetic contactor S-N80 110V,Rack 1,Pc,1,,1,"Rp 1,025,000","Rp 1,025,000"
R1-48,Stop Contact HY-510,Rack 1,Pc,1,,1,"Rp 340,000","Rp 340,000"
R1-49,Magnetic contactor S-N65 110V,Rack 1,Pc,1,,,"Rp 770,000",Rp -
R1-50,Magnetic contactor SN50 220V,Rack 1,Pc,1,,1,"Rp 675,000","Rp 675,000"
R1-51,MCB EZC100F3015 15A,Rack 1,Pc,1,,3,"Rp 400,000","Rp 1,200,000"
R1-52,MCB NF63-CW 3P 25A,Rack 1,Pc,1,,3,"Rp 275,000","Rp 825,000"
R1-53,Magnetic contactor ST10-220V,Rack 1,Pc,1,,,"Rp 475,000",Rp -
R1-54,Magnetic contactor ST10-380V,Rack 1,Pc,1,,,"Rp 475,000",Rp -
R1-55,Magnetic contactor ST10-110V,Rack 1,Pc,1,,,"Rp 475,000",Rp -
R1-56,Thermal overlload Relay LRD14,Rack 1,Pc,1,,2,"Rp 190,000","Rp 380,000"
R1-57,Thermal overlload Relay LRD22,Rack 1,Pc,1,,2,"Rp 190,000","Rp 380,000"
R1-58,Thermal overlload Relay LRD35,Rack 1,Pc,1,,1,"Rp 190,000","Rp 190,000"
R1-59,Magnetic contactor SC-6N 110V,Rack 1,Pc,1,,1,"Rp 4,500,000","Rp 4,500,000"
R1-60,Magnetic contactor SC-05 220V,Rack 1,Pc,1,,1,"Rp 475,000","Rp 475,000"
R1-61,Magnetic contactor SRCa50-3F 110V,Rack 1,Pc,1,,1,"Rp 254,000","Rp 254,000"
R1-62,Magnetic contactor SRC3938-06M 110V,Rack 1,Pc,1,,,"Rp 275,000",Rp -
R1-63,Thermal overload TH-K20TA,Rack 1,Pc,1,,2,"Rp 350,000","Rp 700,000"
R1-64,Magnetic contactor SC-5-1 220V,Rack 1,Pc,1,,,"Rp 441,000",Rp -
R1-65,Saklar lampu 2 kontak,Rack 1,Pc,1,,1,"Rp 35,000","Rp 35,000"
R1-66,Saklar lampu 1 kontak,Rack 1,Pc,1,,,"Rp 25,000",Rp -
R1-67,Inspection jig KYOEI,Rack 1,Pc,1,,,"Rp 400,000",Rp -
R1-68,Kontak tusuk 3 pin,Rack 1,Pc,1,,,"Rp 50,000",Rp -
R1-69,Stamp Pad,Rack 1,Pc,1,,3,"Rp 40,000","Rp 120,000"
R1-70,MCB 6A 2 Phase,Rack 1,Pc,1,,,"Rp 120,000",Rp -
R2-1,Kape,Rack 2,Pc,2,,10,"Rp 15,000","Rp 150,000"
R2-2,"Kuas 1""",Rack 2,Pc,3,,11,"Rp 5,000","Rp 55,000"
R2-3,"Kuas 2""",Rack 2,Pc,3,,4,"Rp 7,140","Rp 28,560"
R2-4,"Kuas 3""",Rack 2,Pc,3,,5,"Rp 12,000","Rp 60,000"
R2-5,Kuas lukis 679,Rack 2,Pc,3,,11,"Rp 8,000","Rp 88,000"
R2-6,Selongsong shaft Ø 20,Rack 2,Pc,1,,1,"Rp 85,000","Rp 85,000"
R2-7,Lem besi,Rack 2,Pc,2,,13,"Rp 54,000","Rp 702,000"
R2-8,Nozzle Glue Coating,Rack 2,Pack,2,,12,"Rp 850,000","Rp 10,200,000"
R2-9,Keramic Diecast,Rack 2,Pc,1,,2,"Rp 550,000","Rp 1,100,000"
R2-10,Gear Autolathe,Rack 2,Pc,1,,1,"Rp 2,300,000","Rp 2,300,000"
R2-11,Cutter Blade SKB-2,Rack 2,Pc,2,,5,"Rp 110,000","Rp 550,000"
R2-12,Cutter Blade SKB-10,Rack 2,Pc,2,,24,"Rp 115,000","Rp 2,760,000"
R2-13,Selongsong shaft Ø 8,Rack 2,Pc,1,,1,"Rp 78,000","Rp 78,000"
R2-14,Hydro-Speed regulator,Rack 2,Pc,1,,1,"Rp 4,900,000","Rp 4,900,000"
R2-15,Auburn flame rod ES-FRS-4-6,Rack 2,Pc,1,,1,"Rp 1,700,000","Rp 1,700,000"
R2-16,Bearing 6004ZZ,Rack 2,Pc,1,,3,"Rp 34,850","Rp 104,550"
R2-17,Bearing HK 2030,Rack 2,Pc,1,,4,"Rp 47,000","Rp 188,000"
R2-18,Sensor arm Diecast,Rack 2,Pc,1,,,"Rp 1,200,000",Rp -
R2-19,Bearing 6310 .2RSR.C3,Rack 2,Pc,1,,2,"Rp 195,000","Rp 390,000"
A2-27,Bearing 2209,Rack 2,Pc,2,,1,"Rp 275,000","Rp 275,000"
R2-21,Bearing 6309 ZZ,Rack 2,Pc,1,,2,"Rp 150,000","Rp 300,000"
R2-22,Bearing 6308 ZZ,Rack 2,Pc,1,,2,"Rp 128,000","Rp 256,000"
R2-23,Bearing 7002,Rack 2,Pc,1,,3,"Rp 650,000","Rp 1,950,000"
R2-24,Bearing 6804 ZZ,Rack 2,Pc,1,,3,"Rp 20,200","Rp 60,600"
R2-25,Bearing 6204 ZZ,Rack 2,Pc,2,,6,"Rp 55,000","Rp 330,000"
R2-26,Bearing 6302 ZZ,Rack 2,Pc,1,,8,"Rp 50,000","Rp 400,000"
R2-27,Bearing NAX-1223Z,Rack 2,Pc,2,,3,"Rp 275,000","Rp 825,000"
R2-28,Bearing 30208,Rack 2,Pc,1,,1,"Rp 72,500","Rp 72,500"
R2-29,Bearing 6008 LLU,Rack 2,Pc,1,,3,"Rp 70,000","Rp 210,000"
R2-30,Bearing UCP 204J,Rack 2,Pc,2,,2,"Rp 169,575","Rp 339,150"
R2-31,Bearing UCF 204J,Rack 2,Pc,1,,,"Rp 141,000",Rp -
R2-32,Bearing 6000 LUU,Rack 2,Pc,1,,17,"Rp 24,000","Rp 408,000"
R2-33,Bearing 6001 ZZ,Rack 2,Pc,2,,22,"Rp 33,000","Rp 726,000"
R2-34,Bearing UCT 204J,Rack 2,Pc,1,,2,"Rp 350,450","Rp 700,900"
R2-35,Bearing 6301 ZZ,Rack 2,Pc,1,,6,"Rp 26,500","Rp 159,000"
R2-36,Bearing BWC - 13168,Rack 2,Pc,1,,1,"Rp 210,000","Rp 210,000"
R2-37,Bearing 6305,Rack 2,Pc,1,,14,"Rp 93,000","Rp 1,302,000"
R2-38,Bearing 6202 ZZ,Rack 2,Pc,1,,3,"Rp 47,500","Rp 142,500"
R2-39,Bearing 6205 ZZ,Rack 2,Pc,1,,14,"Rp 60,000","Rp 840,000"
R2-40,Bearing 6007 ZZ,Rack 2,Pc,1,,4,"Rp 57,000","Rp 228,000"
R2-41,Bearing 6304 ZZ,Rack 2,Pc,1,,2,"Rp 55,000","Rp 110,000"
R2-42,Bearing 6206 ZZ,Rack 2,Pc,1,,4,"Rp 57,950","Rp 231,800"
R2-43,Bearing 6203 ZZ,Rack 2,Pc,1,,5,"Rp 70,000","Rp 350,000"
R2-44,Bearing 6200 ZZ,Rack 2,Pc,1,,10,"Rp 30,000","Rp 300,000"
R2-45,Bearing IKO CF6 BUU,Rack 2,Pc,1,,3,"Rp 66,500","Rp 199,500"
R2-46,Bearing 30204,Rack 2,Pc,1,,4,"Rp 110,000","Rp 440,000"
R2-47,Bearing 7007 FY,Rack 2,Pc,1,,2,"Rp 45,000","Rp 90,000"
R2-48,Bearing 6903 JRXZZ,Rack 2,Pc,1,,5,"Rp 70,000","Rp 350,000"
R2-49,Bearing 6306,Rack 2,Pc,1,,2,"Rp 215,000","Rp 430,000"
R2-50,Bearing 6003 ZZ,Rack 2,Pc,3,,11,"Rp 60,000","Rp 660,000"
R2-51,Bearing IKO CF10BUU,Rack 2,Pc,1,,3,"Rp 175,000","Rp 525,000"
R2-52,Bearing 3207,Rack 2,Pc,1,,4,"Rp 136,000","Rp 544,000"
R2-53,Bearing 6307 .2RSR,Rack 2,Pc,2,,5,"Rp 91,000","Rp 455,000"
R2-54,Bearing 6311 .2RSR,Rack 2,Pc,2,,2,"Rp 220,000","Rp 440,000"
R2-55,Bearing 6006 ZZ,Rack 2,Pc,1,,3,"Rp 55,000","Rp 165,000"
R2-56,Bearing HMK 1015,Rack 2,Pc,2,,10,"Rp 50,000","Rp 500,000"
R2-57,Bearing 6201 ZZ,Rack 2,Pc,2,,9,"Rp 21,000","Rp 189,000"
R2-58,Bearing 6002 ZZ,Rack 2,Pc,2,,5,"Rp 40,000","Rp 200,000"
R2-59,Bearing 6800 ZZ,Rack 2,Pc,2,,10,"Rp 42,000","Rp 420,000"
R2-60,Bearing HMK 1215,Rack 2,Pc,2,,10,"Rp 38,000","Rp 380,000"
R2-61,Bearing HMK 1012,Rack 2,Pc,2,,6,"Rp 50,000","Rp 300,000"
R2-62,Bearing 6207 ZZ,Rack 2,Pc,1,,2,"Rp 97,500","Rp 195,000"
R2-63,Sensor Tungku Diecast,Rack 2,Pc,1,,4,"Rp 1,100,000","Rp 4,400,000"
R2-64,Misumi MBB 20-50-0,Rack 2,Pc,2,,2,"Rp 300,000","Rp 600,000"
R2-65,Tsugami Ø 7.4xMod0.6xIN(R),Rack 2,Pc,1,,,"Rp 16,655,200",Rp -
R2-66,Tsugami Ø M8xP1.25x40,Rack 2,Pc,1,,2,"Rp 7,433,800","Rp 14,867,600"
R2-67,Tsugami Ø 7.6xMod0.6x1,Rack 2,Pc,1,,1,"Rp 14,687,600","Rp 14,687,600"
R2-68,Regulator Gas Diecast,Rack 2,Pc,1,,4,"Rp 475,000","Rp 1,900,000"
R2-69,Bearing 6303 ZZ,Rack 2,Btl,1,,9,"Rp 85,000","Rp 765,000"
R2-70,Tripler Oil Cleaner,Rack 2,Pc,1,,,"Rp 750,000",Rp -
R2-71,Misumi MBB 25-60-0,Rack 2,Pc,2,,5,"Rp 125,000","Rp 625,000"
R2-72,Kabel sensor Arm Diecast,Rack 2,Mtr,1,,10,"Rp 12,000","Rp 120,000"
R2-73,Rush wheel eraser 553W,Rack 2,Pc,6,,,"Rp 380,000",Rp -
R2-74,Small siphon pump,Rack 2,Pc,1,,1,"Rp 45,000","Rp 45,000"
R2-75,Blade siroco fan Diecast,Rack 2,Pc,1,,,"Rp 450,000",Rp -
R2-76,Dai spring 40-60,Rack 2,Pc,2,,0,"Rp 200,000",Rp -
R2-77,Bearing 629ZZ,Rack 2,Pc,2,,2,"Rp 15,000","Rp 30,000"
R2-78,Cutter SK-4,Rack 2,Pc,1,,15,"Rp 50,000","Rp 750,000"
R2-79,Bearing 7010 CTYN,Rack 2,Pc,1,,20,"Rp 750,000","Rp 15,000,000"
R3-1,Tang potong YN-3,Rack 3,Pc,1,,12,"Rp 250,000","Rp 3,000,000"
R3-2,Stainless hardened shinwa,Rack 3,Pc,1,,2,"Rp 27,500","Rp 55,000"
R3-3,Stopper penahan film coil placer,Rack 3,Pc,1,,3,"Rp 75,000","Rp 225,000"
R3-4,Baut rotary coil placer,Rack 3,Pc,1,,,"Rp 125,000",Rp -
R3-5,Bearing pengait gear coil placer,Rack 3,Pc,1,,,"Rp 60,000",Rp -
R3-6,Nozzle benang mesin lacing,Rack 3,Pc,1,,,"Rp 630,000",Rp -
R3-7,Indicator lamp AD22-22DS Red 220V,Rack 3,Pc,5,,21,"Rp 22,000","Rp 462,000"
R3-8,Indicator lamp AD22-22DS Green 220V,Rack 3,Pc,5,,6,"Rp 22,000","Rp 132,000"
R3-9,Indicator lamp AD22-22DS Yellow 220V,Rack 3,Pc,5,,7,"Rp 22,000","Rp 154,000"
R3-10,Indicator lamp AD22-22DS Red 24V,Rack 3,Pc,5,,6,"Rp 22,000","Rp 132,000"
R3-11,Indicator lamp AD22-22DS Green 24V,Rack 3,Pc,5,,12,"Rp 22,000","Rp 264,000"
R3-12,Buzzer AD22-22MSD 220V,Rack 3,Pc,5,,7,"Rp 45,000","Rp 315,000"
R3-13,Gergaji besi sandflex,Rack 3,Pc,1,,,"Rp 25,000",Rp -
R3-14,Clamp pusher coil placer,Rack 3,Pc,1,,,"Rp 45,000",Rp -
R3-15,Jarum benang mesin lacing,Rack 3,Pc,1,,,"Rp 540,000",Rp -
R3-16,Oil can 500cc,Rack 3,Pc,1,,3,"Rp 47,500","Rp 142,500"
R3-17,Coupler 20 PF 2 Output,Rack 3,Pc,1,,2,"Rp 478,500","Rp 957,000"
R3-18,Sower toilet,Rack 3,Pc,1,,1,"Rp 210,000","Rp 210,000"
R3-19,Gunting kawat MCC,Rack 3,Pc,1,,1,"Rp 275,600","Rp 275,600"
R3-20,Air Duster Gun,Rack 3,Pc,1,,,"Rp 175,000",Rp -
R3-21,Optional blade for air Nipper AR8P 1.25,Rack 3,Pc,1,,3,"Rp 350,000","Rp 1,050,000"
R3-22,Finger stall M,Rack 3,Pc,300,,300,Rp 840,"Rp 252,000"
R3-23,Nile air tools MR30A,Rack 3,Pc,1,,2,"Rp 2,500,000","Rp 5,000,000"
R3-24,Srew driver US-6W,Rack 3,Pc,1,,3,"Rp 4,950,000","Rp 14,850,000"
R3-25,Electric srewdriver DLV8134-MKE,Rack 3,Pc,1,,3,"Rp 3,300,000","Rp 9,900,000"
R3-26,Belt rotor cutting 1,Rack 3,Pc,5,,5,"Rp 175,000","Rp 875,000"
R3-27,Belt rotor cutting 2,Rack 3,Pc,5,,,"Rp 185,000",Rp -
R3-28,Box tombol Ganda,Rack 3,Pc,1,,,"Rp 260,000",Rp -
R3-29,Box tombol Tunggal,Rack 3,Pc,1,,7,"Rp 115,000","Rp 805,000"
R3-30,HAKKO 96 Solder Pot,Rack 3,Pc,1,,3,"Rp 1,100,000","Rp 3,300,000"
R3-31,Soldering station FX888D,Rack 3,Pc,1,,,"Rp 1,750,000",Rp -
R3-32,Indicator lamp DR22DOL Red 110V,Rack 3,Pc,2,,8,"Rp 45,000","Rp 360,000"
R3-33,Finger stall S,Rack 3,Pc,300,,600,Rp 784,"Rp 470,400"
R3-34,Kran air,Rack 3,Pc,1,,2,"Rp 75,000","Rp 150,000"
R3-35,MCB 100A,Rack 3,Pc,1,,,"Rp 781,000",Rp -
R3-36,Soldering station HAKKO 937,Rack 3,Pc,1,,,"Rp 1,500,000",Rp -
R3-37,Fan cashing,Rack 3,Pc,1,,,"Rp 120,000",Rp -
R3-38,Tespen,Rack 3,Pc,1,,2,"Rp 50,000","Rp 100,000"
R4-1,Electrostatic Gun Painting,Rack 4,Pc,1,,,"Rp 2,200,000",Rp -
R4-2,Gelas ukur 500ml,Rack 4,Pc,1,,,"Rp 450,000",Rp -
R4-3,Nozzle powder gun,Rack 4,Pc,20,,60,"Rp 167,000","Rp 10,020,000"
R4-4,O Ring,Rack 4,Pc,1,,8,"Rp 38,000","Rp 304,000"
R4-5,Gelas ukur 50ml,Rack 4,Pc,1,,3,"Rp 210,000","Rp 630,000"
R4-6,Q1 suction inlet packing Ti,Rack 4,Pc,1,,6,"Rp 15,000","Rp 90,000"
R4-7,Contact ring,Rack 4,Pc,1,,8,Rp -,Rp -
R4-8,Nozzle Panjang,Rack 4,Pc,1,,10,"Rp 167,000","Rp 1,670,000"
R4-9,Nozzle powder painting,Rack 4,Pc,20,,94,"Rp 167,000","Rp 15,698,000"
R4-10,Holder Kecil,Rack 4,Pc,1,,,"Rp 167,000",Rp -
R4-11,Insert sleeve MJ2,Rack 4,Pc,20,,,"Rp 167,000",Rp -
R4-12,Nozzle jarum,Rack 4,Pc,20,,30,"Rp 167,000","Rp 5,010,000"
R4-13,Coupling Bearing,Rack 4,Pc,1,,1,Rp -,Rp -
R4-14,Holder Besar,Rack 4,Pc,1,,,Rp -,Rp -
R4-15,Muzzle Pendek,Rack 4,Pc,2,,2,"Rp 120,000","Rp 240,000"
R4-16,MJ2 Injector Nozzle Ø2.0,Rack 4,Pc,1,,,Rp -,Rp -
R4-17,Lock Nut,Rack 4,Pc,1,,6,Rp -,Rp -
R4-18,Coupling Boss D10,Rack 4,Pc,1,,,Rp -,Rp -
R4-19,Screw M,Rack 4,Pc,1,,2,Rp -,Rp -
R4-20,Selongsong Painting,Rack 4,Pc,1,,,Rp -,Rp -
R4-21,Q1 Rectifier panel shaft,Rack 4,Pc,1,,,Rp -,Rp -
R4-22,Collar,Rack 4,Pc,1,,1,Rp -,Rp -
R4-23,Flat Spray Nozzle,Rack 4,Pc,1,,11,Rp -,Rp -
R4-24,Cap Nut,Rack 4,Pc,1,,2,Rp -,Rp -
R4-25,Sarung tangan kimia 8/M,Rack 4,Pc,4,,8,"Rp 70,000","Rp 560,000"
R4-26,Arm sleeve kevlar,Rack 4,Pc,4,,7,"Rp 220,000","Rp 1,540,000"
R4-27,Ear Plug,Rack 4,Pc,10,,66,"Rp 13,500","Rp 891,000"
R4-28,Kaca mata safety,Rack 4,Pc,1,,15,"Rp 25,000","Rp 375,000"
R4-29,Sarung tangan kimia 650 9/L,Rack 4,Pc,1,,,"Rp 80,000",Rp -
R4-30,Sarung tangan kevlar,Rack 4,Pc,1,,,"Rp 160,000",Rp -
R4-31,Sarung tangan cotton,Rack 4,Pc,2,,36,"Rp 15,000","Rp 540,000"
R4-32,Knitted cotton,Rack 4,Pc,20,,373,"Rp 12,000","Rp 4,476,000"
R4-33,Masker Debu 3M8210,Rack 4,Pack,1,,11,"Rp 450,000","Rp 4,950,000"
R4-34,Catride masker kimia CA-710/0V,Rack 4,Pc,1,,2,"Rp 45,000","Rp 90,000"
R4-35,Filter masker R2,Rack 4,Pc,10,,17,"Rp 40,000","Rp 680,000"
R4-36,Masker kimia DRI-11-RH,Rack 4,Pc,1,,11,"Rp 185,000","Rp 2,035,000"
R4-37,Electric contact cleaner,Rack 4,Pc,1,,5,"Rp 125,255","Rp 626,275"
R4-38,Penetrating oil,Rack 4,Pc,1,,6,"Rp 61,705","Rp 370,230"
R4-39,Butane fuel cartridge,Rack 4,Pc,1,,5,"Rp 45,000","Rp 225,000"
R4-40,Solvent base,Rack 4,Pc,1,,1,"Rp 60,000","Rp 60,000"
R4-41,Masker Debu KN95,Rack 4,Pc,1,,14,"Rp 60,000","Rp 840,000"
R4-42,Jig HV Tester,Rack 4,Set,1,,2,"Rp 5,400,000","Rp 10,800,000"
R4-43,Chuck spindle,Rack 4,Pc,1,,4,"Rp 2,600,000","Rp 10,400,000"
R4-44,Sarung tangan kimia 8/L,Rack 4,Pc,4,,7,"Rp 70,000","Rp 490,000"
R4-45,Ear Muff,Rack 4,Pc,1,,6,"Rp 350,000","Rp 2,100,000"
R5-1,Celemek levis,Rack 5,Pc,1,,55,"Rp 140,000","Rp 7,700,000"
R5-2,Celemek kain,Rack 5,Pc,1,,,"Rp 25,000",Rp -
R5-3,Spanset 2000Kg,Rack 5,Pc,1,,4,"Rp 450,000","Rp 1,800,000"
R5-4,Gunting SC-828,Rack 5,Pc,1,,2,"Rp 15,000","Rp 30,000"
R5-5,Wire stripper,Rack 5,Pc,1,,1,"Rp 450,000","Rp 450,000"
R5-6,Gunting KS-838N,Rack 5,Pc,1,,,"Rp 25,000",Rp -
R5-7,MK 8,Rack 5,Pc,1,,,"Rp 4,995,000",Rp -
R5-8,Selang udara NKC-503B,Rack 5,Pc,1,,1,"Rp 67,000","Rp 67,000"
R5-9,Protective footware,Rack 5,Pc,1,,4,"Rp 275,000","Rp 1,100,000"
R5-10,Desoldering sucker,Rack 5,Pc,1,,1,"Rp 175,000","Rp 175,000"
R5-11,Autolamp bulbs Usno.1016,Rack 5,Pc,5,,13,"Rp 12,500","Rp 162,500"
R5-12,Autolamp bulbs Usno 67,Rack 5,Pc,5,,10,"Rp 12,500","Rp 125,000"
R5-13,Connector juntion cable,Rack 5,Pc,2,,14,"Rp 105,000","Rp 1,470,000"
R5-14,Coating protector S-605,Rack 5,Pc,1,,6,"Rp 95,000","Rp 570,000"
R5-15,Area Sensor BW20-12,Rack 5,Pc,1,,0,"Rp 3,200,000",Rp -
R5-16,Area Sensor BW20-08,Rack 5,Pc,1,,0,"Rp 2,100,000",Rp -
R5-17,Area Sensor BW20-24,Rack 5,Pc,1,,13,"Rp 4,700,000","Rp 61,100,000"
R5-18,Area Sensor BW20-16,Rack 5,Pc,1,,0,"Rp 3,450,000",Rp -
R5-19,Tower light PSP-320-RYG 24 V,Rack 5,Pc,1,,,"Rp 450,000",Rp -
R5-20,Tower light PSP-320-RYG 220 V,Rack 5,Pc,1,,10,"Rp 450,000","Rp 4,500,000"
R5-21,Tower light PTE-APF-3FF-RYG 220 V,Rack 5,Pc,1,,,"Rp 450,000",Rp -
R5-22,Tower light PTE-APF-302-RYG 24 V,Rack 5,Pc,1,,,"Rp 450,000",Rp -
R5-23,Gunting bison,Rack 5,Pc,1,,3,"Rp 30,000","Rp 90,000"
R5-24,Box sambung,Rack 5,Pc,1,,,"Rp 5,000",Rp -
R6-1,Push button AR22FOR Red,Rack 6,Pc,5,,13,"Rp 100,000","Rp 1,300,000"
R6-2,Push button AR22FOR Green,Rack 6,Pc,5,,4,"Rp 100,000","Rp 400,000"
R6-3,Sine Coil T.H 2408/110V,Rack 6,Pc,1,,1,"Rp 450,000","Rp 450,000"
R6-4,Sine Coil T.H 2408/220V,Rack 6,Pc,1,,1,"Rp 450,000","Rp 450,000"
R6-5,Switch ON-OFF,Rack 6,Pc,1,,1,"Rp 45,000","Rp 45,000"
R6-6,Lead free Hakko sensor,Rack 6,Pc,1,,2,"Rp 75,000","Rp 150,000"
R6-7,Lithium battery 3.6V,Rack 6,Pc,1,,11,"Rp 60,000","Rp 660,000"
R6-8,Heating element / 230V 96-HC-V23,Rack 6,Pc,1,,0,"Rp 312,700",Rp -
R6-9,Twin timer Anly ATDV-Y 220V,Rack 6,Pc,1,,2,"Rp 457,000","Rp 914,000"
R6-10,Heating element / 24V A1321,Rack 6,Pc,1,,6,"Rp 165,000","Rp 990,000"
R6-11,Tip enclosure B1786,Rack 6,Pc,4,,3,"Rp 36,450","Rp 109,350"
R6-12,Electric Timer,Rack 6,Pc,1,,11,"Rp 125,000","Rp 1,375,000"
R6-13,Limit switch Z-15GW22-B,Rack 6,Pc,1,,2,"Rp 105,000","Rp 210,000"
R6-14,Emergency switch SRF-M1,Rack 6,Pc,1,,6,"Rp 110,000","Rp 660,000"
R6-15,Switch ON-OFF-ON,Rack 6,Pc,1,,4,"Rp 150,000","Rp 600,000"
R6-16,Lampu OSRAM / 24V,Rack 6,Pc,1,,5,"Rp 47,500","Rp 237,500"
R6-17,Contact fuse AC,Rack 6,Pc,1,,1,"Rp 45,000","Rp 45,000"
R6-18,Relay Socket PTF14A-E,Rack 6,Pc,3,,,"Rp 70,000",Rp -
R6-19,Limit switch AZBIL 1504PF,Rack 6,Pc,1,,,"Rp 350,000",Rp -
R6-20,Sine Coil T.H 2410/110V,Rack 6,Pc,1,,1,"Rp 350,000","Rp 350,000"
R6-21,Sine Coil T.H 2410/220V,Rack 6,Pc,1,,,"Rp 350,000",Rp -
R6-22,Relay Socket PYF08A-E,Rack 6,Pc,2,,64,"Rp 23,100","Rp 1,478,400"
R6-23,Relay Socket PYF14A,Rack 6,Pc,3,,14,"Rp 25,000","Rp 350,000"
R6-24,Emergency switch AR30V1R,Rack 6,Pc,1,,2,"Rp 550,000","Rp 1,100,000"
R6-25,Limit switch Z-15GW-B,Rack 6,Pc,1,,1,"Rp 52,500","Rp 52,500"
R6-26,Limit switch V-154-1A5,Rack 6,Pc,2,,,"Rp 30,000",Rp -
R6-27,Limit switch ZCN-PR508H,Rack 6,Pc,1,,4,"Rp 196,000","Rp 784,000"
R6-28,Socket timer relay PF083A-E,Rack 6,Pc,2,,8,"Rp 25,000","Rp 200,000"
R6-29,Limit switch HY-L807,Rack 6,Pc,1,,5,"Rp 340,000","Rp 1,700,000"
R6-30,Relay MY4N 110 V,Rack 6,Pc,3,,12,"Rp 70,000","Rp 840,000"
R6-31,Relay Socket PF113A-E,Rack 6,Pc,1,,4,"Rp 25,000","Rp 100,000"
R6-32,Relay MK3P 220V,Rack 6,Pc,1,,6,"Rp 85,000","Rp 510,000"
R6-33,Relay MY2N 24V,Rack 6,Pc,1,,15,"Rp 55,000","Rp 825,000"
R6-34,Relay MY2N 220V,Rack 6,Pc,1,,14,"Rp 55,000","Rp 770,000"
R6-35,Selector switch AR30PR-2,Rack 6,Pc,1,,8,"Rp 410,000","Rp 3,280,000"
R6-36,Relay IDEC RJ15-CL 24V,Rack 6,Pc,1,,,"Rp 110,000",Rp -
R6-37,Selector switch AR30PR-3,Rack 6,Pc,1,,2,"Rp 450,000","Rp 900,000"
R6-38,Relay MY4N 12V,Rack 6,Pc,1,,,"Rp 70,000",Rp -
R6-39,Selector switch AR22PR-3,Rack 6,Pc,1,,6,"Rp 375,000","Rp 2,250,000"
R6-40,Selector switch AR22JR-2A,Rack 6,Pc,1,,3,"Rp 240,000","Rp 720,000"
R6-41,Limit switch ZF-Q22-2,Rack 6,Pc,1,,4,"Rp 175,000","Rp 700,000"
R6-42,Relay MY4N 24V,Rack 6,Pc,3,,29,"Rp 70,000","Rp 2,030,000"
R6-43,Relay LY4N 24V,Rack 6,Pc,1,,1,"Rp 70,000","Rp 70,000"
R6-44,Relay MY4N 220V,Rack 6,Pc,3,,22,"Rp 70,000","Rp 1,540,000"
R6-45,Selector switch AR22PR-2,Rack 6,Pc,1,,5,"Rp 356,000","Rp 1,780,000"
R6-46,Emergency switch AR30V2R,Rack 6,Pc,1,,8,"Rp 250,000","Rp 2,000,000"
R6-47,Push button AR30FOR Green,Rack 6,Pc,1,,10,"Rp 135,000","Rp 1,350,000"
R6-48,Emergency switch AR22V2R,Rack 6,Pc,4,,16,"Rp 189,000","Rp 3,024,000"
R6-49,Power supply S8JX-603524CD,Rack 6,Pc,1,,8,"Rp 500,000","Rp 4,000,000"
R6-50,Push button AR30B2R-11G,Rack 6,Pc,1,,5,"Rp 135,000","Rp 675,000"
R6-51,Current transformer 200/5A,Rack 6,Pc,1,,3,"Rp 150,000","Rp 450,000"
R6-52,Single phase electronic meter,Rack 6,Pc,1,,1,"Rp 300,000","Rp 300,000"
R6-53,Three phase electronic meter,Rack 6,Pc,1,,1,"Rp 550,000","Rp 550,000"
R7-1,Solenoid 4F530 220V,Rack 7,Pc,1,,2,"Rp 850,000","Rp 1,700,000"
R7-2,Solenoid SY5340-5MZ 24V,Rack 7,Pc,1,,4,"Rp 850,000","Rp 3,400,000"
R7-3,Solenoid SY5240-5DZ 100V,Rack 7,Pc,1,,5,"Rp 1,350,000","Rp 6,750,000"
R7-4,Solenoid 4F210 220V,Rack 7,Pc,1,,1,"Rp 1,200,000","Rp 1,200,000"
R7-5,Solenoid 4F220 220V,Rack 7,Pc,1,,1,"Rp 890,000","Rp 890,000"
R7-6,Solenoid SY5140-5MZE-02 110V,Rack 7,Pc,1,,1,"Rp 1,545,000","Rp 1,545,000"
R7-7,Solenoid AS2406-02-110 110V,Rack 7,Pc,1,,1,"Rp 1,300,000","Rp 1,300,000"
R7-8,Solenoid AS-20-N 110V,Rack 7,Pc,1,,,"Rp 675,000",Rp -
R7-9,Cylinder solenoid SSD2-L-20-10,Rack 7,Pc,1,,1,"Rp 1,050,000","Rp 1,050,000"
R7-10,Solenoid VQ1261-5MO-C6-X2,Rack 7,Pc,1,,1,"Rp 780,000","Rp 780,000"
R7-11,Solenoid 4KA210 24V,Rack 7,Pc,2,,3,"Rp 1,400,000","Rp 4,200,000"
R7-12,Solenoid VQ1161-5MO-C6-X2,Rack 7,Pc,1,,2,"Rp 730,000","Rp 1,460,000"
R7-13,Solenoid 4KA210 110V,Rack 7,Pc,1,,12,"Rp 1,400,000","Rp 16,800,000"
R7-14,Cylinder solenoid SSD-DL-12-10-FL205977,Rack 7,Pc,1,,1,"Rp 970,000","Rp 970,000"
R7-15,Cylinder solenoid STR2-M-25-30,Rack 7,Pc,1,,1,"Rp 1,400,000","Rp 1,400,000"
R7-16,Cylinder solenoid SSD-L-40-30,Rack 7,Pc,1,,1,"Rp 950,000","Rp 950,000"
R7-17,Speed controller DVUS825WI,Rack 7,Pc,1,,2,"Rp 495,000","Rp 990,000"
R7-18,Cylinder solenoid MGQM16-50,Rack 7,Pc,1,,1,"Rp 275,000","Rp 275,000"
R7-19,Solenoid VQ1261-5MO-C4-X2,Rack 7,Pc,1,,1,"Rp 785,000","Rp 785,000"
R7-20,Solenoid 4GA110 24V,Rack 7,Pc,1,,24,"Rp 375,000","Rp 9,000,000"
R7-21,Solenoid SY5140-5DZD 110V,Rack 7,Pc,1,,5,"Rp 457,000","Rp 2,285,000"
R7-22,Solenoid DSG-03-3C2-A240-50 240V,Rack 7,Pc,1,,1,"Rp 1,200,000","Rp 1,200,000"
R7-23,Solenoid DSG-03-2B2B-A120-50 100V,Rack 7,Pc,1,,1,"Rp 1,200,000","Rp 1,200,000"
R7-24,Solenoid DSG-01-3C2-A240-70 240V,Rack 7,Pc,1,,2,"Rp 1,250,000","Rp 2,500,000"
R7-25,Solenoid AS2408-03-220 220V,Rack 7,Pc,1,,1,"Rp 2,900,000","Rp 2,900,000"
R7-26,Filter 1144-3C-FJ,Rack 7,Pc,1,,1,"Rp 828,000","Rp 828,000"
R7-27,Cylinder solenoid SCA2-FA-50B-150-Y,Rack 7,Pc,1,,,"Rp 1,450,000",Rp -
R7-28,Cylinder solenoid SCA2-CA-50B-100,Rack 7,Pc,1,,,"Rp 1,435,000",Rp -
R7-29,Solenoid AD-08101F-A1 100V,Rack 7,Pc,1,,,"Rp 850,000",Rp -
R7-30,Joint Selang Ø 12 to Ø 12,Rack 7,Pc,2,,5,"Rp 98,700","Rp 493,500"
R7-31,Throtle Joint Selang Ø 10 to Ø 10,Rack 7,Pc,2,,,"Rp 87,400",Rp -
R7-32,Joint Selang Ø 6 to Ø 6,Rack 7,Pc,2,,10,"Rp 85,700","Rp 857,000"
R7-33,Joint Selang Ø 8 to Ø 10,Rack 7,Pc,2,,7,"Rp 87,400","Rp 611,800"
R7-34,Joint Selang Ø 4 to Ø 4,Rack 7,Pc,3,,16,"Rp 28,750","Rp 460,000"
R7-35,Joint Selang Ø 6 to Ø 8,Rack 7,Pc,2,,6,"Rp 70,600","Rp 423,600"
R7-36,Joint Selang Ø 8 to Ø 8,Rack 7,Pc,2,,15,"Rp 91,500","Rp 1,372,500"
R7-37,Joint Selang Ø 4 to Ø 6,Rack 7,Pc,3,,13,"Rp 37,800","Rp 491,400"
R7-38,Throtle Joint Selang Ø 6 to Ø 6,Rack 7,Pc,2,,,"Rp 65,300",Rp -
R7-39,Neple selang 20 PM,Rack 7,Pc,2,,32,"Rp 20,000","Rp 640,000"
R7-40,Neple selang 30 PM,Rack 7,Pc,2,,5,"Rp 52,500","Rp 262,500"
R7-41,Neple selang 30 SH,Rack 7,Pc,2,,,"Rp 53,000",Rp -
R7-42,Neple selang 20 PH,Rack 7,Pc,2,,2,"Rp 57,000","Rp 114,000"
R7-43,Neple selang 40 SM,Rack 7,Pc,2,,26,"Rp 58,500","Rp 1,521,000"
R7-44,Neple selang 20 PF,Rack 7,Pc,2,,9,"Rp 25,000","Rp 225,000"
R7-45,Joint Selang Ø 8 to Ø 8 bentuk T,Rack 7,Pc,2,,9,"Rp 85,000","Rp 765,000"
R7-46,Joint Selang 10 to 10 bentuk T,Rack 7,Pc,2,,2,"Rp 92,500","Rp 185,000"
R7-47,Neple selang 20 SH,Rack 7,Pc,2,,7,"Rp 36,000","Rp 252,000"
R7-48,Joint Throtle Selang Ø 8 to Ø 8,Rack 7,Pc,2,,,"Rp 84,600",Rp -
R7-49,Neple selang Ø6 M10 bentuk L,Rack 7,Pc,2,,9,"Rp 63,500","Rp 571,500"
R7-50,Joint T Selang Ø 6,Rack 7,Pc,2,,8,"Rp 88,500","Rp 708,000"
R7-51,Joint Selang Ø 12 to Ø 12 bentuk T,Rack 7,Pc,2,,6,"Rp 99,000","Rp 594,000"
R7-52,Joint Selang Ø 10 to Ø 10,Rack 7,Pc,2,,14,"Rp 94,500","Rp 1,323,000"
R7-53,Joint Selang Ø 10 to Ø 12,Rack 7,Pc,2,,7,"Rp 96,500","Rp 675,500"
R7-54,Neple Selang L Ø 6 M5,Rack 7,Pc,2,,,"Rp 59,000",Rp -
R7-55,Neple Selang Ø 6 M10,Rack 7,Pc,2,,1,"Rp 58,600","Rp 58,600"
R7-56,Neple Throtle Selang Ø 4 M5,Rack 7,Pc,2,,,"Rp 45,000",Rp -
R7-57,Neple Selang Ø 8 Ulir M16,Rack 7,Pc,2,,12,"Rp 67,400","Rp 808,800"
R7-58,Nepel Selang Ø 4 M5,Rack 7,Pc,3,,0,"Rp 47,500",Rp -
R7-59,Neple Selang Ø 6 M5,Rack 7,Pc,2,,14,"Rp 54,600","Rp 764,400"
R7-60,Neple Selang Ø 8 M10,Rack 7,Pc,2,,7,"Rp 79,200","Rp 554,400"
R7-61,Neple Selang L Ø 6 M13,Rack 7,Pc,2,,9,"Rp 67,800","Rp 610,200"
R7-62,Neple Selang Ø 6 M6,Rack 7,Pc,2,,9,"Rp 64,200","Rp 577,800"
R7-63,Neple Throtle Selang Ø 8 M16,Rack 7,Pc,2,,,"Rp 80,500",Rp -
R7-64,Nepel Selang Ø 8 M13,Rack 7,Pc,3,,5,"Rp 79,800","Rp 399,000"
R7-65,Neple Selang L Ø 10 M13,Rack 7,Pc,2,,7,"Rp 87,500","Rp 612,500"
R7-66,Neple Selang L Ø 10 M16,Rack 7,Pc,2,,2,"Rp 73,200","Rp 146,400"
R7-67,Neple Selang Ø 10 M16,Rack 7,Pc,6,,16,"Rp 84,600","Rp 1,353,600"
R7-68,Neple Selang Ø 6 M13,Rack 7,Pc,2,,11,"Rp 71,500","Rp 786,500"
R7-69,Neple Selang L Ø 6 M10,Rack 7,Pc,2,,1,"Rp 68,500","Rp 68,500"
R7-70,Neple Throtle Selang Ø 10 M16,Rack 7,Pc,2,,,"Rp 79,500",Rp -
R7-71,Neple Throtle Selang Ø 8 M13,Rack 7,Pc,2,,,"Rp 78,900",Rp -
R7-72,Neple Throtle Selang Ø 6 M10,Rack 7,Pc,2,,,"Rp 70,500",Rp -
R7-73,Cylinder solenoid CMK2-32-100,Rack 7,Pc,1,,,"Rp 1,200,000",Rp -
R7-74,Laser Googles,Rack 7,Pc,1,,,"Rp 500,000",Rp -
R7-75,Solenoid 4KA210-06-M1 220V,Rack 7,Pc,1,,,"Rp 1,400,000",Rp -
R7-76,Sensor filter angin APS-60-W,Rack 7,Pc,1,,,"Rp 550,000",Rp -
R7-77,Magnetic stand lamp,Rack 7,Pc,1,,,"Rp 250,000",Rp -
R7-78,Gerinda electroda welding,Rack 7,Pc,1,,1,"Rp 1,500,000","Rp 1,500,000"
R7-79,Jr-pack-T1-0.75K,Rack 7,Pc,1,,,"Rp 2,500,000",Rp -
R7-80,Switch 16 port,Rack 7,Pc,1,,,"Rp 600,000",Rp -
R7-81,MCB 400A,Rack 7,Pc,1,,,"Rp 2,400,000",Rp -
R7-82,Dudukan shaft,Rack 7,Pc,1,,,"Rp 1,000,000",Rp -
R7-83,Filter W1000-6-W,Rack 7,Pc,1,,,"Rp 750,000",Rp -
R7-84,Keyboard PC,Rack 7,Pc,1,,,"Rp 35,000",Rp -
R7-85,Mouse PC,Rack 7,Pc,1,,,"Rp 20,000",Rp -
R7-86,Cylinder solenoid FH120-Z,Rack 7,Pc,1,,2,"Rp 650,000","Rp 1,300,000"
R7-87,Solenoid SY3120-5GZ-C6-24V,Rack 7,Pc,1,,3,"Rp 850,000","Rp 2,550,000"
R8-1,Belt 5SMI350,Rack 8,Pc,1,,1,"Rp 125,000","Rp 125,000"
R8-2,Belt 525L,Rack 8,Pc,1,,1,"Rp 95,000","Rp 95,000"
R8-3,Roller wire minas 73,Rack 8,Pc,1,,101,"Rp 45,000","Rp 4,545,000"
R8-4,Former minas 73,Rack 8,Pc,2,,12,"Rp 256,000","Rp 3,072,000"
R8-5,Bearing roller,Rack 8,Pc,1,,,"Rp 48,900",Rp -
R8-6,Stopper bobin,Rack 8,Pc,1,,9,"Rp 195,000","Rp 1,755,000"
R8-7,Bantalan stopper jig,Rack 8,Pc,1,,12,"Rp 120,000","Rp 1,440,000"
R8-8,O ring roller wire,Rack 8,Pc,2,,,"Rp 11,000",Rp -
R8-9,Flash lamp,Rack 8,Pc,1,,2,"Rp 12,000,000","Rp 24,000,000"
R8-10,Filter cartridge CW-5PM,Rack 8,Pc,1,,2,"Rp 175,000","Rp 350,000"
R8-11,Yag rod,Rack 8,Pc,1,,,Rp -,Rp -
R8-12,Selongsong flash lamp,Rack 8,Pc,1,,,"Rp 2,850,000",Rp -
R8-13,Lensa laser welding,Rack 8,Pc,1,,26,"Rp 1,200,000","Rp 31,200,000"
R8-14,Lock ring spindle,Rack 8,Pc,1,,,"Rp 134,000",Rp -
R8-15,Guide roller,Rack 8,Pc,1,,,"Rp 64,700",Rp -
R8-16,Roller wire minas 87,Rack 8,Pc,2,,,Rp -,Rp -
R8-17,Dudukan film coil placer,Rack 8,Pc,1,,,"Rp 140,000",Rp -
R8-18,Pin ECT minas 73,Rack 8,Pc,2,,,"Rp 57,000",Rp -
R8-19,Selongsong timah auto solder,Rack 8,Pc,1,,,Rp -,Rp -
R8-20,Flayer minas 73,Rack 8,Pc,2,,12,"Rp 750,000","Rp 9,000,000"
R8-21,Balancing spindle,Rack 8,Pc,1,,,Rp -,Rp -
R8-22,Photo sensor EE-SX672A,Rack 8,Pc,1,,,"Rp 265,000",Rp -
R8-23,Spring no 9,Rack 8,Pc,2,,23,"Rp 35,000","Rp 805,000"
R8-24,Tungsten electrodes for welding,Rack 8,Pc,2,,60,"Rp 56,200","Rp 3,372,000"
R8-25,Spring no 8,Rack 8,Pc,2,,77,Rp -,Rp -
R8-26,Oil level gauge,Rack 8,Pc,1,,,Rp -,Rp -
R8-27,Spindle minas 73,Rack 8,Pc,2,,,"Rp 175,000",Rp -
R8-28,Collet Ø1.0,Rack 8,Pc,1,,,"Rp 275,000",Rp -
R8-29,Electric counter,Rack 8,Pc,1,,,"Rp 120,000",Rp -
R8-30,Kain pelindung heater,Rack 8,Pc,1,,,Rp -,Rp -
R8-31,Counter/timer electric,Rack 8,Pc,1,,,"Rp 140,000",Rp -
R8-32,Analog counter,Rack 8,Pc,1,,1,"Rp 45,000","Rp 45,000"
R8-33,Photo sensor BR100-DDT,Rack 8,Pc,1,,,"Rp 190,000",Rp -
R8-34,Nozzle minas 87,Rack 8,Pc,1,,20,Rp -,Rp -
R8-35,Ball screw welding,Rack 8,Set,1,,1,Rp -,Rp -
R8-36,Guide nozzle minas 87,Rack 8,Pc,1,,,Rp -,Rp -
R8-37,Keramik box bobin,Rack 8,Pc,1,,18,Rp -,Rp -
R8-38,Keramik cover,Rack 8,Pc,1,,,Rp -,Rp -
R8-39,Photo sensor BM3M-TDT12,Rack 8,Pc,1,,,"Rp 175,000",Rp -
R8-40,Digital counter,Rack 8,Pc,1,,,"Rp 130,000",Rp -
R8-41,Temperature Controller,Rack 8,Pc,1,,,"Rp 375,000",Rp -
R8-42,Heat detector,Rack 8,Pc,1,,,"Rp 410,000",Rp -
R8-43,Proximity sensor PSN17-5DN,Rack 8,Pc,1,,,"Rp 160,000",Rp -
R8-44,Fiber optic sensor,Rack 8,Pc,1,,,Rp -,Rp -
R8-45,Proximity sensor PRDW12-8PN,Rack 8,Pc,1,,,"Rp 165,000",Rp -
R8-46,Photo micro sensor EE-SPW321,Rack 8,Pc,1,,,"Rp 178,000",Rp -
R8-47,Proximity sensor PF125-8DN,Rack 8,Pc,1,,,"Rp 171,000",Rp -
R8-48,CPM1A-20EDR1,Rack 8,Pc,1,,,"Rp 2,500,000",Rp -
R8-49,Guide insert pin,Rack 8,Pc,1,,,Rp -,Rp -
R8-50,Spring balancer ACJ2020,Rack 8,Pc,1,,,Rp -,Rp -
R8-51,Filter solder auto,Rack 8,Pc,1,,,Rp -,Rp -
R8-52,Spring balancer ACA1007-2,Rack 8,Pc,1,,,Rp -,Rp -
R8-53,Heater dipping solder 87,Rack 8,Pc,1,,,Rp -,Rp -
R8-54,Pengikat electroda welding,Rack 8,Pc,1,,,Rp -,Rp -
R8-55,Argon gas regulator,Rack 8,Pc,1,,,Rp -,Rp -
R8-56,Proximity sensor EZ-18T,Rack 8,Pc,1,,,Rp -,Rp -
R8-57,Enclosing tube set TAL1.2-656S60,Rack 8,Pc,1,,,Rp -,Rp -
R8-58,Pisau cutting wire,Rack 8,Pc,1,,,Rp -,Rp -
R8-59,Centre jig welding set,Rack 8,Pc,1,,,"Rp 1,750,000",Rp -
R8-60,Work support blade,Rack 8,Pc,1,,,"Rp 4,050,000",Rp -
R8-61,Spindle former,Rack 8,Pc,1,,19,"Rp 175,000","Rp 3,325,000"
R8-62,Centre stopper bobin,Rack 8,Pc,1,,,"Rp 210,000",Rp -
R8-63,Guide wire winding 87,Rack 8,Pc,1,,,Rp -,Rp -
R8-64,Thermocouple ultrasonic dipping,Rack 8,Pc,1,,,Rp -,Rp -
R8-65,Block centre welding 73,Rack 8,Pc,1,,1,"Rp 210,000","Rp 210,000"
R8-66,Soldering pot ultrasonic dipping,Rack 8,Pc,1,,,Rp -,Rp -
R8-67,Heater ultrasonic dipping,Rack 8,Pc,1,,,Rp -,Rp -
R8-68,Clamp heater ultrasonic dipping,Rack 8,Pc,1,,1,"Rp 240,000","Rp 240,000"
R8-69,Pusher coil placer,Rack 8,Pc,1,,,"Rp 750,000",Rp -
R8-70,Insert guide 3-3,Rack 8,Pc,1,,,"Rp 1,300,000",Rp -
R8-71,Insert guide 2-2,Rack 8,Pc,1,,,"Rp 1,300,000",Rp -
R8-72,Spring no 12,Rack 8,Pc,1,,,Rp -,Rp -
R8-73,Spring no 11,Rack 8,Pc,1,,,Rp -,Rp -
R8-74,Spring no 18,Rack 8,Pc,1,,,Rp -,Rp -
R8-75,Read switch,Rack 8,Pc,1,,,"Rp 113,000",Rp -
R9-1,Tali rafia,Rack 9,Pc,3,,20,"Rp 19,750","Rp 395,000"
R9-2,Kain lap,Rack 9,Kg,5,,100,"Rp 7,300","Rp 730,000"
R9-3,Sarung tangan kerja,Rack 9,Pc,10,,650,"Rp 13,100","Rp 8,515,000"
R9-4,Masker kerja,Rack 9,Pc,5,,,"Rp 5,500",Rp -
R9-5,Palu kayu,Rack 9,Pc,2,,3,"Rp 9,500","Rp 28,500"
R9-6,Selang angin Ø 6,Rack 9,Mtr,1,,5,"Rp 70,000","Rp 350,000"
R9-7,Selang angin Ø 8,Rack 9,Mtr,1,,10,"Rp 90,000","Rp 900,000"
R9-8,Selang angin Ø 10,Rack 9,Mtr,1,,10,"Rp 120,000","Rp 1,200,000"
R9-9,Selang angin Ø 12,Rack 9,Mtr,1,,10,"Rp 160,000","Rp 1,600,000"
R9-10,Selang angin Ø 4,Rack 9,Mtr,1,,5,"Rp 55,000","Rp 275,000"
R9-11,Selang timah minas 73,Rack 9,Mtr,1,,2,"Rp 75,000","Rp 150,000"
R9-12,Selang timah minas 87,Rack 9,Mtr,1,,2,"Rp 90,000","Rp 180,000"
R9-13,Selang filter auto solder,Rack 9,Mtr,1,,,"Rp 130,000",Rp -
R9-14,Selang glue coating,Rack 9,Mtr,1,,,"Rp 85,000",Rp -
R9-15,Sepatu safety no 36,Rack 9,Pc,1,,,"Rp 159,000",Rp -
R9-16,Sepatu safety no 37,Rack 9,Pc,1,,,"Rp 159,000",Rp -
R10-1,Jig inspeksi motor 5,Rack 10,Pc,1,,4,Rp -,Rp -
R10-2,Jig connector cable,Rack 10,Pc,1,,1,Rp -,Rp -
R10-3,Jig inspeksi assy,Rack 10,Pc,1,,2,Rp -,Rp -
R10-4,K3 sticker,Rack 10,Pc,1,,300,"Rp 2,500","Rp 750,000"
R10-5,Ac cord,Rack 10,Pc,1,,,"Rp 10,000",Rp -
R10-6,Musashi remote controller,Rack 10,Pc,1,,,Rp -,Rp -
R10-7,Nittoku remote controller,Rack 10,Pc,1,,,Rp -,Rp -
R10-8,Rompi K3 ( Merah ),Rack 10,Pc,1,,,"Rp 75,000",Rp -
R10-9,Battery charger,Rack 10,Pc,1,,,"Rp 120,000",Rp -
R10-10,Gun soldering station,Rack 10,Pc,1,,,"Rp 950,000",Rp -
R10-11,Gun W2028 HAKKO,Rack 10,Pc,1,,,"Rp 250,000",Rp -
R10-12,Soldering gun HAKKO 951,Rack 10,Pc,1,,,"Rp 900,000",Rp -
R10-13,Soldering station FX-600,Rack 10,Pc,1,,,"Rp 2,450,000",Rp -
R10-14,Dudukan solder gun,Rack 10,Pc,1,,,"Rp 130,000",Rp -
R10-15,HAKKO 373,Rack 10,Pc,1,,,"Rp 1,200,000",Rp -
R10-16,Gun puncher,Rack 10,Pc,1,,,"Rp 3,400,000",Rp -
R10-17,Remote AC,Rack 10,Pc,1,,,"Rp 120,000",Rp -
R10-18,Penggaris 30 cm,Rack 10,Pc,1,,1,"Rp 95,000","Rp 95,000"
R10-19,"Water pass 300mm/12""",Rack 10,Pc,1,,1,"Rp 120,000","Rp 120,000"
R10-20,Loctite,Rack 10,Pc,1,,,"Rp 145,000",Rp -
R10-21,Crimping hydrolic,Rack 10,Set,1,,,Rp -,Rp -
R10-22,Hand socket set,Rack 10,Set,1,,,Rp -,Rp -
R10-23,Packing mc KF7001,Rack 10,Pc,1,,,"Rp 230,000",Rp -
R10-24,Soldering station HAKKO FX951,Rack 10,Pc,1,,,"Rp 4,750,000",Rp -
R10-25,Fitting lampu,Rack 10,Pc,1,,,"Rp 23,000",Rp -
R10-26,Safety label,Rack 10,Pc,1,,,"Rp 13,000",Rp -
R10-27,Master lock,Rack 10,Pc,1,,,"Rp 256,000",Rp -
R10-28,Segitiga apar,Rack 10,Pc,1,,,"Rp 42,000",Rp -
R10-29,Socket 2 pin winding,Rack 10,Set,1,,,"Rp 4,500",Rp -
R10-30,Connector cable layer test,Rack 10,Pc,1,,,"Rp 45,000",Rp -
R10-31,Connector cable miliohm tester,Rack 10,Pc,1,,,"Rp 32,000",Rp -
R10-32,Lem tembak,Rack 10,Pc,1,,,"Rp 45,000",Rp -
R10-33,Ex barcode printer mc,Rack 10,Set,1,,,Rp -,Rp -
R10-34,Ex vibrator bobin mc,Rack 10,Set,1,,,Rp -,Rp -
R10-35,Helmet,Rack 10,Pc,1,,,"Rp 135,000",Rp -
R11-1,Jig pallet core 20,Rack 11,Pc,1,,,Rp -,Rp -
R11-2,Guide pallet core 20,Rack 11,Pc,2,,,Rp -,Rp -
R11-3,Jig pallet core 30,Rack 11,Pc,1,,,Rp -,Rp -
R11-4,Guide pallet core 30,Rack 11,Pc,1,,,Rp -,Rp -
R11-5,Containment timah,Rack 11,Pc,1,,,Rp -,Rp -
R11-6,Selang gas argon,Rack 11,Mtr,1,,,Rp -,Rp -
R11-7,Stopper doorcloser,Rack 11,Pc,1,,,Rp -,Rp -
R11-8,Guide core 30,Rack 11,Pc,1,,,Rp -,Rp -
R11-9,Guide core 20,Rack 11,Pc,1,,,Rp -,Rp -
R11-10,Centre guide besar,Rack 11,Pc,1,,,Rp -,Rp -
R11-11,Centre guide kecil,Rack 11,Pc,1,,,Rp -,Rp -
R11-12,Baud M3 X 8,Rack 11,Pc,1,,,Rp -,Rp -
R11-13,SSHH-SUS-M3-S,Rack 11,Pc,1,,,Rp -,Rp -
R11-14,Plate adjusment,Rack 11,Pc,1,,,Rp -,Rp -
R11-15,KQ2S06-01AS,Rack 11,Pc,1,,,Rp -,Rp -
R11-16,3G-17-44,Rack 11,Pc,1,,,Rp -,Rp -
R11-17,PL4,Rack 11,Pc,1,,,Rp -,Rp -
R11-18,Jig glue coating,Rack 11,Pc,1,,,Rp -,Rp -
R11-19,Ring,Rack 11,Pc,1,,,Rp -,Rp -
R11-20,ZSB-1001,Rack 11,Pc,1,,,Rp -,Rp -
R11-21,ZSB-1002,Rack 11,Pc,1,,,Rp -,Rp -
R11-22,ENJHYS-84-0,Rack 11,Pc,1,,,Rp -,Rp -
R11-23,SNA-186-C,Rack 11,Pc,1,,,Rp -,Rp -
R11-24,CRU,Rack 11,Pc,1,,,Rp -,Rp -
R11-25,Plat stopper stator,Rack 11,Pc,1,,,Rp -,Rp -
R11-26,Guide cleaning timah,Rack 11,Pc,1,,,Rp -,Rp -
R11-27,kabel ES2-CA15AY,Rack 11,Pc,1,,,Rp -,Rp -
R11-28,SPLS4A-100,Rack 11,Pc,1,,,Rp -,Rp -
R11-29,TWX00018,Rack 11,Pc,1,,,Rp -,Rp -
R11-30,Adjusment timah,Rack 11,Pc,1,,,Rp -,Rp -
R11-31,Selongsong selang hisap,Rack 11,Pc,1,,,Rp -,Rp -
R11-32,Centre guide welding 87,Rack 11,Pc,1,,,Rp -,Rp -
R11-33,Fuse 3A NRF210,Rack 11,Pc,1,,,Rp -,Rp -
R11-34,Plat cleaning timah,Rack 11,Pc,1,,,Rp -,Rp -
R11-35,Roller guide timah,Rack 11,Pc,1,,,Rp -,Rp -
R11-36,PIPS4-0.5-100,Rack 11,Pc,1,,,Rp -,Rp -
R11-37,KQ2L04-01AS,Rack 11,Pc,1,,,Rp -,Rp -
R11-38,KQ2S04-01AS,Rack 11,Pc,1,,,Rp -,Rp -
R11-39,Joint selang 4-4,Rack 11,Pc,1,,,Rp -,Rp -
R11-40,Centre guide welding jig,Rack 11,Pc,1,,,Rp -,Rp -
R11-41,Stopper doorcloser base,Rack 11,Pc,1,,,Rp -,Rp -
R11-42,Jig welding inner,Rack 11,Pc,1,,,Rp -,Rp -
R11-43,Jig pot ultrasonic dipping,Rack 11,Pc,1,,,Rp -,Rp -
R11-44,Selongsong welding no.4,Rack 11,Pc,1,,,Rp -,Rp -
R11-45,Selongsong welding no.5,Rack 11,Pc,1,,,Rp -,Rp -
R11-46,VAC-3002,Rack 11,Pc,1,,,Rp -,Rp -
R11-47,VAC-3003,Rack 11,Pc,1,,,Rp -,Rp -
R11-48,VAC-3004,Rack 11,Pc,1,,,Rp -,Rp -
R11-49,Selang argon welding,Rack 11,Pc,1,,,Rp -,Rp -
R11-50,Suprame Ø3.0,Rack 11,Pc,1,,,Rp -,Rp -
R11-51,PCV-12 Valve seat,Rack 11,Pc,1,,,Rp -,Rp -
R11-52,Spring for PCV-12,Rack 11,Pc,1,,,Rp -,Rp -
R11-53,Valve PCV-12,Rack 11,Pc,1,,,Rp -,Rp -
R11-54,Socket XM25-25-set,Rack 11,Pc,1,,,Rp -,Rp -
R11-55,Ring seat PCV 12-7,Rack 11,Pc,1,,,Rp -,Rp -
R11-56,Ring Ø 14,Rack 11,Pc,1,,,Rp -,Rp -
R11-57,Nepel Ø 6,Rack 11,Pc,1,,,Rp -,Rp -
R11-58,Knop 20,Rack 11,Pc,1,,,Rp -,Rp -
R11-59,Baud M4,Rack 11,Pc,1,,,Rp -,Rp -
R11-60,Nepel for tank coating,Rack 11,Pc,1,,,Rp -,Rp -
R11-61,Ring Ø 3,Rack 11,Pc,1,,,Rp -,Rp -
R11-62,Ring Ø 5,Rack 11,Pc,1,,,Rp -,Rp -
R11-63,F100 3X4 TUF 100,Rack 11,Pc,1,,,Rp -,Rp -
R11-64,Nepel selang Glue coating,Rack 11,Pc,1,,,Rp -,Rp -
R11-65,Penahan kaki-kaki mesin,Rack 11,Pc,1,,,Rp -,Rp -
R11-66,Connector cable WF 8460,Rack 11,Pc,1,,,Rp -,Rp -
R11-67,Nepel R1/4 selang 6,Rack 11,Pc,1,,,Rp -,Rp -
R11-68,Kape timah,Rack 11,Pc,1,,,Rp -,Rp -
R11-69,Ring Ø 16,Rack 11,Pc,1,,,Rp -,Rp -
R11-70,Nepel selang kuningan,Rack 11,Pc,1,,,Rp -,Rp -
R11-71,Suction,Rack 11,Pc,1,,,Rp -,Rp -
R11-72,Sylinder PCV-12,Rack 11,Pc,1,,,Rp -,Rp -
R11-73,Gelas ukur glue coating,Rack 11,Pc,1,,,Rp -,Rp -
R11-74,Pengarah timah,Rack 11,Pc,1,,,Rp -,Rp -
R11-75,Liquid gasket rubber based,Rack 11,Pc,1,,15,Rp -,Rp -
R11-76,PCV-12 SET,Rack 11,Pc,1,,,Rp -,Rp -
R11-77,Nozzle jarum green,Rack 11,Pc,1,,,Rp -,Rp -
R11-78,Nozzle jarum pink,Rack 11,Pc,1,,,Rp -,Rp -
R11-79,Nozzle jarum no. 18,Rack 11,Pc,1,,,Rp -,Rp -
R11-80,Sarung tangan anti panas,Rack 11,Set,1,,,Rp -,Rp -
R11-81,Kunci pas 58,Rack 11,Pc,1,,,Rp -,Rp -
R11-82,Kunci pas 77,Rack 11,Pc,1,,,Rp -,Rp -
R11-83,Pot ultrasonic dipping ex mc,Rack 11,Pc,1,,,Rp -,Rp -
R11-84,Shaft pengarah ultrasonic pot,Rack 11,Pc,1,,,Rp -,Rp -
R11-85,Kaca mata safety for dipping,Rack 11,Pc,1,,,Rp -,Rp -
R11-86,Water pass 150mm,Rack 11,Pc,1,,,Rp -,Rp -
R11-87,VAC-1013,Rack 11,Pc,1,,,Rp -,Rp -
R11-88,Knop glue coating,Rack 11,Pc,1,,,Rp -,Rp -
R11-89,Cleaning jig set,Rack 11,Pc,1,,,Rp -,Rp -
R11-90,Packing tube,Rack 11,Pc,1,,,Rp -,Rp -
R11-91,Timah Ø 2.0,Rack 11,Roll,1,,,Rp -,Rp -
R11-92,Ultrasonic timah batang,Rack 11,Pc,1,,,Rp -,Rp -
R12-1,Slide Regulator,Rack 12,Pc,1,,,"Rp 1,100,000",Rp -
R12-2,Dial gauge,Rack 12,Pc,1,,,"Rp 750,000",Rp -
R12-3,Thickness gauge 168-107,Rack 12,Pc,1,,,"Rp 1,320,000",Rp -
R12-4,Depth micrometer,Rack 12,Pc,1,,,"Rp 2,310,000",Rp -
R12-5,Digital caliper,Rack 12,Pc,1,,,"Rp 1,750,000",Rp -
R12-6,TAB Digital watt meter,Rack 12,Pc,1,,,"Rp 450,000",Rp -
R12-7,Dual channel sensor amplifier,Rack 12,Pc,1,,,"Rp 321,000",Rp -
R12-8,Thermometer Hakko FG-100,Rack 12,Pc,1,,,"Rp 845,000",Rp -
R12-9,Digital multimeter,Rack 12,Pc,1,,,"Rp 850,000",Rp -
R12-10,Multitester analog,Rack 12,Pc,1,,,"Rp 450,000",Rp -
R13-1,Dioda bridge,Rack 13,Pc,1,,4,"Rp 170,000","Rp 680,000"
R13-2,Kabel pelangi,Rack 13,Mtr,1,,,"Rp 115,000",Rp -
R13-3,Battery LR44,Rack 13,Pc,1,,5,"Rp 25,000","Rp 125,000"
R13-4,Fuse 5A 3cm,Rack 13,Pc,1,,49,"Rp 1,200","Rp 58,800"
R13-5,Fuse 25A 2cm,Rack 13,Pc,1,,22,"Rp 12,000","Rp 264,000"
R13-6,Fuse 1A 3cm,Rack 13,Pc,1,,39,Rp 750,"Rp 29,250"
R13-7,Switch power ukuran besar,Rack 13,Pc,1,,1,"Rp 45,000","Rp 45,000"
R13-8,Transistor IRF 740,Rack 13,Pc,1,,5,"Rp 47,800","Rp 239,000"
R13-9,Potensiometer 250KΩ,Rack 13,Pc,1,,25,"Rp 70,000","Rp 1,750,000"
R13-10,Fuse 5A 2cm,Rack 13,Pc,1,,81,"Rp 1,100","Rp 89,100"
R13-11,Fuse 3A 3cm,Rack 13,Pc,1,,27,Rp 950,"Rp 25,650"
R13-12,Fuse 3A 2cm,Rack 13,Pc,1,,60,Rp 870,"Rp 52,200"
R13-13,Fuse 2A 3cm,Rack 13,Pc,1,,6,Rp 800,"Rp 4,800"
R13-14,Socket 6 pin,Rack 13,Pc,1,,2,"Rp 13,500","Rp 27,000"
R13-15,Potensiometer 100kΩ,Rack 13,Pc,1,,,"Rp 65,000",Rp -
R13-16,Male connector RS232,Rack 13,Pc,1,,6,"Rp 98,000","Rp 588,000"
R13-17,Battery CR 2032,Rack 13,Pc,1,,8,"Rp 45,000","Rp 360,000"
R13-18,Bidioda,Rack 13,Pc,1,,,"Rp 65,400",Rp -
R13-19,Trimpot 100kΩ,Rack 13,Pc,1,,4,"Rp 120,000","Rp 480,000"
R13-20,Socket 3 pin,Rack 13,Pc,1,,2,"Rp 9,500","Rp 19,000"
R13-21,Potensiometer 10kΩ,Rack 13,Pc,1,,,"Rp 25,000",Rp -
R13-22,Knop potensiometer,Rack 13,Pc,1,,,"Rp 13,600",Rp -
R13-23,SCR BCR 5PM,Rack 13,Pc,1,,,"Rp 45,000",Rp -
R13-24,Trimpot 10kΩ,Rack 13,Pc,1,,,"Rp 36,000",Rp -
R13-25,Resistor 1MΩ 2W,Rack 13,Pc,1,,,"Rp 70,000",Rp -
R13-26,Dioda 10A,Rack 13,Pc,1,,,"Rp 4,600",Rp -
R13-27,Transistor TIP122,Rack 13,Pc,1,,,"Rp 35,000",Rp -
R13-28,Transistor K3679,Rack 13,Pc,1,,,"Rp 34,500",Rp -
R13-29,SCR 10 A,Rack 13,Pc,1,,,"Rp 68,900",Rp -
R13-30,Resistor 330kΩ 5W,Rack 13,Pc,1,,,"Rp 49,000",Rp -
R13-31,Tapping M10X1.25,Rack 13,Pc,1,,1,"Rp 647,500","Rp 647,500"
R13-32,Tapping M10X1.5,Rack 13,Pc,1,,,"Rp 675,000",Rp -
R13-33,Keramik box bobin winding asean,Rack 13,Pc,1,,9,"Rp 13,000","Rp 117,000"
R13-34,RJ 45,Rack 13,Pc,1,,,"Rp 45,000",Rp -
R13-35,Karbon driver electric,Rack 13,Pc,1,,16,"Rp 65,000","Rp 1,040,000"
R13-36,Socket remote WI tester,Rack 13,Pc,1,,,"Rp 13,600",Rp -
R13-37,Bit shock no 7,Rack 13,Pc,1,,1,"Rp 146,000","Rp 146,000"
R13-38,Lampu 30V,Rack 13,Pc,1,,10,"Rp 25,000","Rp 250,000"
R13-39,Capasitor 5 ƲF,Rack 13,Pc,1,,2,"Rp 14,500","Rp 29,000"
R13-40,Rotor bit driver,Rack 13,Pc,1,,,"Rp 96,000",Rp -
R13-41,Extention AC cord,Rack 13,Pc,1,,,"Rp 65,000",Rp -
R13-42,Switch power kecil,Rack 13,Pc,1,,2,"Rp 23,600","Rp 47,200"
R13-43,Fuse 13A 2cm,Rack 13,Pc,1,,4,"Rp 10,500","Rp 42,000"
R13-44,Lampu 18V,Rack 13,Pc,1,,55,"Rp 156,000","Rp 8,580,000"
R13-45,Bit shock 3B1205,Rack 13,Pc,1,,2,"Rp 136,900","Rp 273,800"
R13-46,Lampu uji,Rack 13,Pc,1,,0,"Rp 47,800",Rp -
R13-47,Baud L tanam M6,Rack 13,Pc,1,,8,"Rp 6,500","Rp 52,000"
R13-48,Bit shock 10mm,Rack 13,Pc,1,,2,"Rp 190,000","Rp 380,000"
R13-49,Opto coupler,Rack 13,Pc,1,,,"Rp 123,500",Rp -
R13-50,Socket 3 pin winding,Rack 13,Pc,1,,85,"Rp 46,000","Rp 3,910,000"
R13-51,Capasitor 1 ƲF 1000WVAC,Rack 13,Pc,1,,1,"Rp 75,000","Rp 75,000"
R13-52,Srew wings M5,Rack 13,Pc,1,,86,"Rp 47,800","Rp 4,110,800"
R13-53,Lampu 240V ( Tower light ),Rack 13,Pc,1,,6,"Rp 27,500","Rp 165,000"
R13-54,Jig riveting,Rack 13,Pc,1,,5,"Rp 225,000","Rp 1,125,000"
R13-55,Baud kepala kunci,Rack 13,Pc,1,,2,"Rp 36,000","Rp 72,000"
R13-56,Selector On/Off lampu,Rack 13,Pc,1,,2,"Rp 35,000","Rp 70,000"
R13-57,Socket 4 pin,Rack 13,Pc,1,,2,"Rp 26,000","Rp 52,000"
R13-58,Socket 2 pin,Rack 13,Pc,1,,85,"Rp 19,000","Rp 1,615,000"
R13-59,Capasitor 4 ƲF,Rack 13,Pc,1,,1,"Rp 94,000","Rp 94,000"
R13-60,Socket 4 pin winding,Rack 13,Pc,1,,91,"Rp 35,000","Rp 3,185,000"
R14-1,TNGG160408R-P,Rack 14,Pack,1,,2,"Rp 690,000","Rp 1,380,000"
R14-2,QM3DCGT11T302MFNAZ7,Rack 14,Pack,1,,7,"Rp 1,500,000","Rp 10,500,000"
R14-3,QM3TBP60FR10,Rack 14,Pack,1,,15,"Rp 2,600,000","Rp 39,000,000"
R14-4,QM3CTPX20FRN,Rack 14,Pack,1,,6,"Rp 2,200,000","Rp 13,200,000"
R14-5,QM3GTMX32095RT,Rack 14,Pack,1,,7,"Rp 2,200,000","Rp 15,400,000"
R14-6,QM3GTMX32250RT,Rack 14,Pack,1,,9,"Rp 2,200,000","Rp 19,800,000"
R14-7,QM3GTMX32095LT,Rack 14,Pack,1,,9,"Rp 2,400,000","Rp 21,600,000"
R14-8,LRIS-4*10PW,Rack 14,Pack,1,,,Rp -,Rp -
R14-9,Guide bush collet chuck CC0261SR,Rack 14,Pc,1,,,"Rp 1,450,000",Rp -
R14-10,DT4CTPX20FRN,Rack 14,Pc,1,,9,"Rp 75,000","Rp 675,000"
R14-11,TBPR10,Rack 14,Pc,1,,6,"Rp 1,100,000","Rp 6,600,000"
R14-12,GTTR10K00,Rack 14,Pc,1,,2,"Rp 950,000","Rp 1,900,000"
R14-13,CTPR10,Rack 14,Pc,1,,3,"Rp 1,300,000","Rp 3,900,000"
R14-14,SNMG120408,Rack 14,Pack,1,,4,"Rp 590,000","Rp 2,360,000"
R14-15,TKFS12R200-5,Rack 14,Pack,1,,14,"Rp 2,840,000","Rp 39,760,000"
R14-16,TNMG160408N-GE,Rack 14,Pack,1,,3,"Rp 602,640","Rp 1,807,920"
R14-17,TNMG160408-EF,Rack 14,Pack,1,,0,"Rp 750,000",Rp -
R14-18,SNMG090308,Rack 14,Pack,1,,4,"Rp 610,000","Rp 2,440,000"
R14-19,Bushing proj welding,Rack 14,Pc,1,,4,"Rp 750,000","Rp 3,000,000"
R14-20,Jig rolling carbide flate R2,Rack 14,Pc,1,,2,"Rp 3,000,000","Rp 6,000,000"
R14-21,GPEDM#600,Rack 14,Pc,1,,,Rp -,Rp -
R14-22,Guide bush collet chuck CG0660WR,Rack 14,Pc,1,,,"Rp 1,150,000",Rp -
R14-23,Blade 60X53,Rack 14,Pc,1,,,Rp -,Rp -
R14-24,PSDNN1616H-09,Rack 14,Pc,1,,,Rp -,Rp -
R14-25,ETENN1616H1604,Rack 14,Pc,1,,1,"Rp 1,300,000","Rp 1,300,000"
R14-26,ETANR1616H1604,Rack 14,Pc,1,,1,"Rp 1,350,000","Rp 1,350,000"
R14-27,EX-SUS-GDS3.1,Rack 14,Pc,1,,96,"Rp 125,000","Rp 12,000,000"
R14-28,TIN-NC-LDS 4X90,Rack 14,Pc,1,,,Rp -,Rp -
R14-29,KTKFSR1010K-12A,Rack 14,Pc,1,,,"Rp 1,400,000",Rp -
R14-30,Baud pin kuningan,Rack 14,Pc,1,,,Rp -,Rp -
R14-31,Guide bosh NC,Rack 14,Pc,1,,,Rp -,Rp -
R14-32,A16U9120Z,Rack 14,Pc,1,,,Rp -,Rp -
R14-33,Chuck rotor cutting,Rack 14,Pc,1,,,Rp -,Rp -
R14-34,Mur NC,Rack 14,Pc,1,,,Rp -,Rp -
R14-35,Baud stopper,Rack 14,Pc,1,,,Rp -,Rp -
R14-36,Baud guide,Rack 14,Pc,1,,,Rp -,Rp -
R14-37,Block rear NC,Rack 14,Pc,1,,,Rp -,Rp -
R14-38,HDS5506,Rack 14,Pc,1,,,Rp -,Rp -
R14-39,Gear borring MC,Rack 14,Pc,1,,,Rp -,Rp -
R14-40,Guide position borring MC,Rack 14,Pc,1,,,Rp -,Rp -
R14-41,10X40X50X90 2851009 DPT,Rack 14,Pc,1,,2,"Rp 600,000","Rp 1,200,000"
R14-42,Screw cutting tools,Rack 14,Pc,1,,,Rp -,Rp -
R14-43,Wrench-CLR-15S,Rack 14,Pc,1,,,Rp -,Rp -
R14-44,ASSAB 17,Rack 14,Pc,1,,,"Rp 220,000",Rp -
R14-45,Bohler super MO rapid extra 1200,Rack 14,Pc,1,,,Rp -,Rp -
R14-46,Shaft pendorong bearing jig press bearing,Rack 14,Pc,1,,,Rp -,Rp -
R14-47,Jig press caulking upper lower,Rack 14,Pc,1,,,Rp -,Rp -
R14-48,Pisau blade ( diamond dresser ),Rack 14,Pc,1,,4,"Rp 1,100,000","Rp 4,400,000"
R14-49,CD-Q 1.5x90x5,Rack 14,Pc,1,,147,"Rp 165,000","Rp 24,255,000"
R14-50,TTPR10,Rack 14,Pc,1,,4,"Rp 1,500,000","Rp 6,000,000"
R14-51,SCHR-10,Rack 14,Pc,1,,3,"Rp 1,500,000","Rp 4,500,000"
R14-52,SCIR 22-MTR010 IC1007,Rack 14,Pack,1,,6,"Rp 294,000","Rp 1,764,000"
R14-53,SCIR 22-200NP05 IC1007,Rack 14,Pack,1,,19,"Rp 250,000","Rp 4,750,000"
R14-54,Collet Ø8.1,Rack 14,Pc,1,,13,"Rp 350,000","Rp 4,550,000"
